<?xml version="1.0" encoding="UTF-8"?>
<GenRun Id="impl_1" LaunchPart="xc7a100tcsg324-1" LaunchTime="1553094515">
  <File Type="ROUTE-PWR" Name="divizor_ceas_power_routed.rpt"/>
  <File Type="PA-TCL" Name="divizor_ceas.tcl"/>
  <File Type="BITSTR-BMM" Name="divizor_ceas_bd.bmm"/>
  <File Type="ROUTE-PWR-SUM" Name="divizor_ceas_power_summary_routed.pb"/>
  <File Type="REPORTS-TCL" Name="divizor_ceas_reports.tcl"/>
  <File Type="OPT-DCP" Name="divizor_ceas_opt.dcp"/>
  <File Type="OPT-DRC" Name="divizor_ceas_drc_opted.rpt"/>
  <File Type="OPT-HWDEF" Name="divizor_ceas.hwdef"/>
  <File Type="PWROPT-DCP" Name="divizor_ceas_pwropt.dcp"/>
  <File Type="PLACE-DCP" Name="divizor_ceas_placed.dcp"/>
  <File Type="PLACE-IO" Name="divizor_ceas_io_placed.rpt"/>
  <File Type="PLACE-UTIL" Name="divizor_ceas_utilization_placed.rpt"/>
  <File Type="PLACE-UTIL-PB" Name="divizor_ceas_utilization_placed.pb"/>
  <File Type="PLACE-CTRL" Name="divizor_ceas_control_sets_placed.rpt"/>
  <File Type="PLACE-PRE-SIMILARITY" Name="divizor_ceas_incremental_reuse_pre_placed.rpt"/>
  <File Type="BG-BGN" Name="divizor_ceas.bgn"/>
  <File Type="POSTPLACE-PWROPT-DCP" Name="divizor_ceas_postplace_pwropt.dcp"/>
  <File Type="BG-BIN" Name="divizor_ceas.bin"/>
  <File Type="PHYSOPT-DCP" Name="divizor_ceas_physopt.dcp"/>
  <File Type="BITSTR-MSK" Name="divizor_ceas.msk"/>
  <File Type="ROUTE-ERROR-DCP" Name="divizor_ceas_routed_error.dcp"/>
  <File Type="ROUTE-DCP" Name="divizor_ceas_routed.dcp"/>
  <File Type="ROUTE-BLACKBOX-DCP" Name="divizor_ceas_routed_bb.dcp"/>
  <File Type="ROUTE-DRC" Name="divizor_ceas_drc_routed.rpt"/>
  <File Type="ROUTE-DRC-PB" Name="divizor_ceas_drc_routed.pb"/>
  <File Type="ROUTE-DRC-RPX" Name="divizor_ceas_drc_routed.rpx"/>
  <File Type="BITSTR-LTX" Name="divizor_ceas.ltx"/>
  <File Type="ROUTE-METHODOLOGY-DRC" Name="divizor_ceas_methodology_drc_routed.rpt"/>
  <File Type="BITSTR-MMI" Name="divizor_ceas.mmi"/>
  <File Type="ROUTE-METHODOLOGY-DRC-RPX" Name="divizor_ceas_methodology_drc_routed.rpx"/>
  <File Type="ROUTE-METHODOLOGY-DRC-PB" Name="divizor_ceas_methodology_drc_routed.pb"/>
  <File Type="BITSTR-SYSDEF" Name="divizor_ceas.sysdef"/>
  <File Type="ROUTE-PWR-RPX" Name="divizor_ceas_power_routed.rpx"/>
  <File Type="ROUTE-STATUS" Name="divizor_ceas_route_status.rpt"/>
  <File Type="ROUTE-STATUS-PB" Name="divizor_ceas_route_status.pb"/>
  <File Type="ROUTE-TIMINGSUMMARY" Name="divizor_ceas_timing_summary_routed.rpt"/>
  <File Type="ROUTE-TIMING-PB" Name="divizor_ceas_timing_summary_routed.pb"/>
  <File Type="ROUTE-TIMING-RPX" Name="divizor_ceas_timing_summary_routed.rpx"/>
  <File Type="ROUTE-CLK" Name="divizor_ceas_clock_utilization_routed.rpt"/>
  <File Type="ROUTE-BUS-SKEW" Name="divizor_ceas_bus_skew_routed.rpt"/>
  <File Type="ROUTE-BUS-SKEW-PB" Name="divizor_ceas_bus_skew_routed.pb"/>
  <File Type="ROUTE-BUS-SKEW-RPX" Name="divizor_ceas_bus_skew_routed.rpx"/>
  <File Type="POSTROUTE-PHYSOPT-DCP" Name="divizor_ceas_postroute_physopt.dcp"/>
  <File Type="POSTROUTE-PHYSOPT-BLACKBOX-DCP" Name="divizor_ceas_postroute_physopt_bb.dcp"/>
  <File Type="BG-BIT" Name="divizor_ceas.bit"/>
  <File Type="BITSTR-RBT" Name="divizor_ceas.rbt"/>
  <File Type="BITSTR-NKY" Name="divizor_ceas.nky"/>
  <File Type="BG-DRC" Name="divizor_ceas.drc"/>
  <File Type="RDI-RDI" Name="divizor_ceas.vdi"/>
  <File Type="WBT-USG" Name="usage_statistics_webtalk.html"/>
  <FileSet Name="sources" Type="DesignSrcs" RelSrcDir="$PSRCDIR/sources_1">
    <Filter Type="Srcs"/>
    <File Path="$PSRCDIR/sources_1/new/divizor_ceas.v">
      <FileInfo>
        <Attr Name="UsedIn" Val="synthesis"/>
        <Attr Name="UsedIn" Val="implementation"/>
        <Attr Name="UsedIn" Val="simulation"/>
      </FileInfo>
    </File>
    <File Path="$PSRCDIR/sources_1/new/conversie_bin_BCD.v">
      <FileInfo>
        <Attr Name="AutoDisabled" Val="1"/>
        <Attr Name="UsedIn" Val="synthesis"/>
        <Attr Name="UsedIn" Val="implementation"/>
        <Attr Name="UsedIn" Val="simulation"/>
      </FileInfo>
    </File>
    <File Path="$PSRCDIR/sources_1/new/afisare_7seg.v">
      <FileInfo>
        <Attr Name="AutoDisabled" Val="1"/>
        <Attr Name="UsedIn" Val="synthesis"/>
        <Attr Name="UsedIn" Val="implementation"/>
        <Attr Name="UsedIn" Val="simulation"/>
      </FileInfo>
    </File>
    <File Path="$PSRCDIR/sources_1/new/divizor_de_ceas.v">
      <FileInfo>
        <Attr Name="AutoDisabled" Val="1"/>
        <Attr Name="UsedIn" Val="synthesis"/>
        <Attr Name="UsedIn" Val="implementation"/>
        <Attr Name="UsedIn" Val="simulation"/>
      </FileInfo>
    </File>
    <File Path="$PSRCDIR/sources_1/new/numarator.v">
      <FileInfo>
        <Attr Name="AutoDisabled" Val="1"/>
        <Attr Name="UsedIn" Val="synthesis"/>
        <Attr Name="UsedIn" Val="implementation"/>
        <Attr Name="UsedIn" Val="simulation"/>
      </FileInfo>
    </File>
    <Config>
      <Option Name="DesignMode" Val="RTL"/>
      <Option Name="TopModule" Val="divizor_ceas"/>
      <Option Name="TopAutoSet" Val="TRUE"/>
    </Config>
  </FileSet>
  <FileSet Name="constrs_in" Type="Constrs" RelSrcDir="$PSRCDIR/constrs_1">
    <Filter Type="Constrs"/>
    <File Path="$PPRDIR/../Nexys4DDR_Master.xdc">
      <FileInfo>
        <Attr Name="UsedIn" Val="synthesis"/>
        <Attr Name="UsedIn" Val="implementation"/>
      </FileInfo>
    </File>
    <Config>
      <Option Name="ConstrsType" Val="XDC"/>
    </Config>
  </FileSet>
  <FileSet Name="utils" Type="Utils" RelSrcDir="$PSRCDIR/utils_1">
    <Filter Type="Utils"/>
    <Config>
      <Option Name="TopAutoSet" Val="TRUE"/>
    </Config>
  </FileSet>
  <Strategy Version="1" Minor="2">
    <StratHandle Name="Vivado Implementation Defaults" Flow="Vivado Implementation 2018"/>
    <Step Id="init_design"/>
    <Step Id="opt_design"/>
    <Step Id="power_opt_design"/>
    <Step Id="place_design"/>
    <Step Id="post_place_power_opt_design"/>
    <Step Id="phys_opt_design"/>
    <Step Id="route_design"/>
    <Step Id="post_route_phys_opt_design"/>
    <Step Id="write_bitstream"/>
  </Strategy>
</GenRun>
